Données système électrique France 6 avril 2025,,,,,
,,,,,
Heure,Prix (€/MWh),Solaire (MW),Éolien (MW),Consommation (MW),Nucléaire (MW)
00:00,"70,45",2,8993,43306,36936
01:00,"46,21",2,9143,40128,35434
02:00,"35,01",2,9077,38816,34860
03:00,"27,01",0,9046,36650,33947
04:00,"25,50",0,9032,34909,33093
05:00,"25,57",0,9060,34407,33108
06:00,"26,51",0,9055,35186,33567
07:00,"28,87",22,9042,36176,33632
08:00,"26,25",1053,9149,37408,33172
09:00,"0,10",4841,9108,39907,32697
10:00,"-2,00",8026,9022,41754,31380
11:00,"-27,49",10696,8754,42819,29923
12:00,"-59,82",13224,8596,44412,27783
13:00,"-106,48",14605,8602,45080,26919
14:00,"-115,46",14822,8855,42190,26732
15:00,"-70,55",14362,8835,40094,26964
16:00,"-19,15",13071,8178,38330,27640
17:00,"-0,01",10472,6977,37408,30185
18:00,"17,62",7690,4570,38608,32651
19:00,"50,94",3924,4252,41357,34992
20:00,"75,00",608,4023,42988,37208
21:00,"80,00",8,3871,43798,37906
22:00,"70,01",4,3928,43352,38034
23:00,"66,38",2,4241,44578,38583